{
  "dataset": "Nordland-500",
  "n_images": 500,
  "ref_condition": "winter",
  "query_condition": "summer",
  "descriptor": "EigenPlaces (ResNet50, 2048-dim)",
  "baseline_tol0": {
    "precision": 0.796,
    "recall": 1.0,
    "f1": 0.8864142538975501,
    "TP": 398,
    "FP": 102,
    "FN": 0,
    "accepted": 500,
    "correct": 398,
    "total": 500
  },
  "baseline_tol5": {
    "precision": 0.978,
    "recall": 1.0,
    "f1": 0.9888776541961577,
    "TP": 489,
    "FP": 11,
    "FN": 0,
    "accepted": 500,
    "correct": 489,
    "total": 500
  },
  "vysotska_tol0": {
    "precision": 0.7955911823647295,
    "recall": 0.9974874371859297,
    "f1": 0.8851727982162765,
    "TP": 397,
    "FP": 102,
    "FN": 1,
    "accepted": 499,
    "correct": 397,
    "total": 500
  },
  "vysotska_tol5": {
    "precision": 0.9779559118236473,
    "recall": 0.9979550102249489,
    "f1": 0.9878542510121457,
    "TP": 488,
    "FP": 11,
    "FN": 1,
    "accepted": 499,
    "correct": 488,
    "total": 500
  },
  "sequence_matcher_tol0": {
    "precision": 0.853448275862069,
    "recall": 0.6614699331848553,
    "f1": 0.7452948557089084,
    "TP": 297,
    "FP": 51,
    "FN": 152,
    "n_matched": 348,
    "n_total": 500
  },
  "vysotska_target_f1": 0.98,
  "oracle_threshold": 0.0,
  "oracle_f1": 0.8864142538975501,
  "n_places_discovered": 55,
  "place_sizes": [
    4,
    3,
    2,
    4,
    2,
    5,
    7,
    9,
    9,
    11,
    7,
    4,
    11,
    16,
    8,
    6,
    7,
    24,
    5,
    17,
    12,
    3,
    11,
    16,
    20,
    5,
    15,
    3,
    7,
    14,
    7,
    12,
    17,
    10,
    17,
    8,
    8,
    3,
    4,
    4,
    7,
    4,
    4,
    13,
    3,
    19,
    8,
    2,
    3,
    6,
    8,
    15,
    36,
    4,
    11
  ]
}