{
  "descriptor": "EigenPlaces (ResNet50, 2048-dim)",
  "n_ref": 500,
  "n_query": 500,
  "n_places": 55,
  "closed_set": {
    "baseline": {
      "P": 83.0,
      "R": 100.0,
      "F1": 90.7103825136612,
      "TP": 415,
      "FP": 85,
      "FN": 0,
      "TN": 0,
      "dist_rej": 0
    },
    "mean_bad": {
      "P": 83.0,
      "R": 100.0,
      "F1": 90.7103825136612,
      "TP": 415,
      "FP": 85,
      "FN": 0,
      "TN": 0,
      "dist_rej": 0
    },
    "filter_n": {
      "P": 75.66539923954373,
      "R": 45.642201834862384,
      "F1": 56.938483547925614,
      "TP": 199,
      "FP": 64,
      "FN": 237,
      "TN": 0,
      "dist_rej": 0
    },
    "vysotska": {
      "P": 91.44981412639405,
      "R": 51.57232704402516,
      "F1": 65.95174262734584,
      "TP": 246,
      "FP": 23,
      "FN": 231,
      "TN": 0,
      "dist_rej": 0
    },
    "seq_matcher_tol1": {
      "precision": 0.98989898989899,
      "recall": 0.98989898989899,
      "f1": 0.98989898989899,
      "TP": 490,
      "FP": 5,
      "FN": 5,
      "n_matched": 495,
      "n_total": 500
    },
    "image_argmax_exact": 79.60000000000001,
    "image_argmax_tol1": 93.4
  },
  "open_set_1:1": {
    "n_genuine": 500,
    "n_distractors": 200,
    "baseline": {
      "P": 59.285714285714285,
      "R": 100.0,
      "F1": 74.43946188340807,
      "TP": 415,
      "FP": 285,
      "FN": 0,
      "TN": 0,
      "dist_rej": 0.0
    },
    "mean_bad": {
      "P": 77.57009345794393,
      "R": 100.0,
      "F1": 87.36842105263159,
      "TP": 415,
      "FP": 120,
      "FN": 0,
      "TN": 165,
      "dist_rej": 82.5
    },
    "filter_n": {
      "P": 70.8185053380783,
      "R": 45.642201834862384,
      "F1": 55.509065550906556,
      "TP": 199,
      "FP": 82,
      "FN": 237,
      "TN": 182,
      "dist_rej": 91.0
    },
    "vysotska": {
      "P": 62.755102040816325,
      "R": 51.57232704402516,
      "F1": 56.61680092059839,
      "TP": 246,
      "FP": 146,
      "FN": 231,
      "TN": 77,
      "dist_rej": 38.5
    }
  },
  "open_set_1:2": {
    "n_genuine": 500,
    "n_distractors": 200,
    "baseline": {
      "P": 59.285714285714285,
      "R": 100.0,
      "F1": 74.43946188340807,
      "TP": 415,
      "FP": 285,
      "FN": 0,
      "TN": 0,
      "dist_rej": 0.0
    },
    "mean_bad": {
      "P": 77.57009345794393,
      "R": 100.0,
      "F1": 87.36842105263159,
      "TP": 415,
      "FP": 120,
      "FN": 0,
      "TN": 165,
      "dist_rej": 82.5
    },
    "filter_n": {
      "P": 70.8185053380783,
      "R": 45.642201834862384,
      "F1": 55.509065550906556,
      "TP": 199,
      "FP": 82,
      "FN": 237,
      "TN": 182,
      "dist_rej": 91.0
    },
    "vysotska": {
      "P": 62.755102040816325,
      "R": 51.57232704402516,
      "F1": 56.61680092059839,
      "TP": 246,
      "FP": 146,
      "FN": 231,
      "TN": 77,
      "dist_rej": 38.5
    }
  },
  "distractor_sweep": [
    {
      "ratio": 0.0,
      "n_distractors": 0,
      "filter_n": {
        "P": 75.66539923954373,
        "R": 45.642201834862384,
        "F1": 56.938483547925614,
        "TP": 199,
        "FP": 64,
        "FN": 237,
        "TN": 0,
        "dist_rej": 0
      },
      "vysotska": {
        "P": 91.44981412639405,
        "R": 51.57232704402516,
        "F1": 65.95174262734584,
        "TP": 246,
        "FP": 23,
        "FN": 231,
        "TN": 0,
        "dist_rej": 0
      }
    },
    {
      "ratio": 0.1,
      "n_distractors": 50,
      "filter_n": {
        "P": 74.53183520599251,
        "R": 45.642201834862384,
        "F1": 56.61450924608819,
        "TP": 199,
        "FP": 68,
        "FN": 237,
        "TN": 46,
        "dist_rej": 92.0
      },
      "vysotska": {
        "P": 91.44981412639405,
        "R": 51.57232704402516,
        "F1": 65.95174262734584,
        "TP": 246,
        "FP": 23,
        "FN": 231,
        "TN": 50,
        "dist_rej": 100.0
      }
    },
    {
      "ratio": 0.2,
      "n_distractors": 100,
      "filter_n": {
        "P": 74.53183520599251,
        "R": 45.642201834862384,
        "F1": 56.61450924608819,
        "TP": 199,
        "FP": 68,
        "FN": 237,
        "TN": 96,
        "dist_rej": 96.0
      },
      "vysotska": {
        "P": 83.1081081081081,
        "R": 51.57232704402516,
        "F1": 63.648124191461825,
        "TP": 246,
        "FP": 50,
        "FN": 231,
        "TN": 73,
        "dist_rej": 73.0
      }
    },
    {
      "ratio": 0.3,
      "n_distractors": 150,
      "filter_n": {
        "P": 73.70370370370371,
        "R": 45.642201834862384,
        "F1": 56.373937677053824,
        "TP": 199,
        "FP": 71,
        "FN": 237,
        "TN": 143,
        "dist_rej": 95.33333333333334
      },
      "vysotska": {
        "P": 71.9298245614035,
        "R": 51.57232704402516,
        "F1": 60.07326007326007,
        "TP": 246,
        "FP": 96,
        "FN": 231,
        "TN": 77,
        "dist_rej": 51.33333333333333
      }
    },
    {
      "ratio": 0.4,
      "n_distractors": 200,
      "filter_n": {
        "P": 70.8185053380783,
        "R": 45.642201834862384,
        "F1": 55.509065550906556,
        "TP": 199,
        "FP": 82,
        "FN": 237,
        "TN": 182,
        "dist_rej": 91.0
      },
      "vysotska": {
        "P": 62.755102040816325,
        "R": 51.57232704402516,
        "F1": 56.61680092059839,
        "TP": 246,
        "FP": 146,
        "FN": 231,
        "TN": 77,
        "dist_rej": 38.5
      }
    }
  ]
}