{
  "descriptor": "DINOv2 SALAD (ViT-B/14, 8448-dim)",
  "n_ref": 500,
  "n_query": 500,
  "n_places": 42,
  "closed_set": {
    "baseline": {
      "P": 90.0,
      "R": 100.0,
      "F1": 94.73684210526316,
      "TP": 450,
      "FP": 50,
      "FN": 0,
      "TN": 0,
      "dist_rej": 0
    },
    "mean_bad": {
      "P": 90.0,
      "R": 100.0,
      "F1": 94.73684210526316,
      "TP": 450,
      "FP": 50,
      "FN": 0,
      "TN": 0,
      "dist_rej": 0
    },
    "filter_n": {
      "P": 84.34163701067615,
      "R": 51.973684210526315,
      "F1": 64.31478968792402,
      "TP": 237,
      "FP": 44,
      "FN": 219,
      "TN": 0,
      "dist_rej": 0
    },
    "vysotska": {
      "P": 92.46861924686193,
      "R": 45.850622406639005,
      "F1": 61.30374479889043,
      "TP": 221,
      "FP": 18,
      "FN": 261,
      "TN": 0,
      "dist_rej": 0
    },
    "seq_matcher_tol1": {
      "precision": 0.9939879759519038,
      "recall": 0.9979879275653923,
      "f1": 0.995983935742972,
      "TP": 496,
      "FP": 3,
      "FN": 1,
      "n_matched": 499,
      "n_total": 500
    },
    "image_argmax_exact": 80.4,
    "image_argmax_tol1": 95.39999999999999
  },
  "open_set_1:1": {
    "n_genuine": 500,
    "n_distractors": 200,
    "baseline": {
      "P": 64.28571428571429,
      "R": 100.0,
      "F1": 78.2608695652174,
      "TP": 450,
      "FP": 250,
      "FN": 0,
      "TN": 0,
      "dist_rej": 0.0
    },
    "mean_bad": {
      "P": 88.58267716535433,
      "R": 100.0,
      "F1": 93.94572025052193,
      "TP": 450,
      "FP": 58,
      "FN": 0,
      "TN": 192,
      "dist_rej": 96.0
    },
    "filter_n": {
      "P": 84.34163701067615,
      "R": 51.973684210526315,
      "F1": 64.31478968792402,
      "TP": 237,
      "FP": 44,
      "FN": 219,
      "TN": 200,
      "dist_rej": 100.0
    },
    "vysotska": {
      "P": 58.46560846560847,
      "R": 45.850622406639005,
      "F1": 51.395348837209305,
      "TP": 221,
      "FP": 157,
      "FN": 261,
      "TN": 61,
      "dist_rej": 30.5
    }
  },
  "open_set_1:2": {
    "n_genuine": 500,
    "n_distractors": 200,
    "baseline": {
      "P": 64.28571428571429,
      "R": 100.0,
      "F1": 78.2608695652174,
      "TP": 450,
      "FP": 250,
      "FN": 0,
      "TN": 0,
      "dist_rej": 0.0
    },
    "mean_bad": {
      "P": 88.58267716535433,
      "R": 100.0,
      "F1": 93.94572025052193,
      "TP": 450,
      "FP": 58,
      "FN": 0,
      "TN": 192,
      "dist_rej": 96.0
    },
    "filter_n": {
      "P": 84.34163701067615,
      "R": 51.973684210526315,
      "F1": 64.31478968792402,
      "TP": 237,
      "FP": 44,
      "FN": 219,
      "TN": 200,
      "dist_rej": 100.0
    },
    "vysotska": {
      "P": 58.46560846560847,
      "R": 45.850622406639005,
      "F1": 51.395348837209305,
      "TP": 221,
      "FP": 157,
      "FN": 261,
      "TN": 61,
      "dist_rej": 30.5
    }
  },
  "distractor_sweep": [
    {
      "ratio": 0.0,
      "n_distractors": 0,
      "filter_n": {
        "P": 84.34163701067615,
        "R": 51.973684210526315,
        "F1": 64.31478968792402,
        "TP": 237,
        "FP": 44,
        "FN": 219,
        "TN": 0,
        "dist_rej": 0
      },
      "vysotska": {
        "P": 92.46861924686193,
        "R": 45.850622406639005,
        "F1": 61.30374479889043,
        "TP": 221,
        "FP": 18,
        "FN": 261,
        "TN": 0,
        "dist_rej": 0
      }
    },
    {
      "ratio": 0.1,
      "n_distractors": 50,
      "filter_n": {
        "P": 84.34163701067615,
        "R": 51.973684210526315,
        "F1": 64.31478968792402,
        "TP": 237,
        "FP": 44,
        "FN": 219,
        "TN": 50,
        "dist_rej": 100.0
      },
      "vysotska": {
        "P": 85.65891472868216,
        "R": 45.850622406639005,
        "F1": 59.72972972972972,
        "TP": 221,
        "FP": 37,
        "FN": 261,
        "TN": 31,
        "dist_rej": 62.0
      }
    },
    {
      "ratio": 0.2,
      "n_distractors": 100,
      "filter_n": {
        "P": 84.34163701067615,
        "R": 51.973684210526315,
        "F1": 64.31478968792402,
        "TP": 237,
        "FP": 44,
        "FN": 219,
        "TN": 100,
        "dist_rej": 100.0
      },
      "vysotska": {
        "P": 76.73611111111111,
        "R": 45.850622406639005,
        "F1": 57.40259740259741,
        "TP": 221,
        "FP": 67,
        "FN": 261,
        "TN": 51,
        "dist_rej": 51.0
      }
    },
    {
      "ratio": 0.3,
      "n_distractors": 150,
      "filter_n": {
        "P": 84.34163701067615,
        "R": 51.973684210526315,
        "F1": 64.31478968792402,
        "TP": 237,
        "FP": 44,
        "FN": 219,
        "TN": 150,
        "dist_rej": 100.0
      },
      "vysotska": {
        "P": 65.97014925373135,
        "R": 45.850622406639005,
        "F1": 54.100367197062425,
        "TP": 221,
        "FP": 114,
        "FN": 261,
        "TN": 54,
        "dist_rej": 36.0
      }
    },
    {
      "ratio": 0.4,
      "n_distractors": 200,
      "filter_n": {
        "P": 84.34163701067615,
        "R": 51.973684210526315,
        "F1": 64.31478968792402,
        "TP": 237,
        "FP": 44,
        "FN": 219,
        "TN": 200,
        "dist_rej": 100.0
      },
      "vysotska": {
        "P": 58.46560846560847,
        "R": 45.850622406639005,
        "F1": 51.395348837209305,
        "TP": 221,
        "FP": 157,
        "FN": 261,
        "TN": 61,
        "dist_rej": 30.5
      }
    }
  ]
}