{
  "dataset": "GardensPoint",
  "descriptor": "dinov2-salad",
  "ref_condition": "day_left",
  "query_condition": "day_right",
  "n_ref": 200,
  "n_query": 200,
  "n_places": 19,
  "k": 2.0,
  "closed_set": {
    "baseline": {
      "P": 91.0,
      "R": 100.0,
      "F1": 95.28795811518324,
      "TP": 182,
      "FP": 18,
      "FN": 0,
      "TN": 0,
      "dist_rej": 0
    },
    "ours": {
      "P": 91.0,
      "R": 100.0,
      "F1": 95.28795811518324,
      "TP": 182,
      "FP": 18,
      "FN": 0,
      "TN": 0,
      "dist_rej": 0
    },
    "vysotska": {
      "P": 92.76315789473685,
      "R": 74.60317460317461,
      "F1": 82.69794721407625,
      "TP": 141,
      "FP": 11,
      "FN": 48,
      "TN": 0,
      "dist_rej": 0
    },
    "vysotska_seq_match": {
      "P": 84.5,
      "R": 100.0,
      "F1": 91.59891598915989,
      "TP": 169,
      "FP": 31,
      "FN": 0,
      "TN": 0,
      "dist_rej": 0,
      "n_matched": 200
    }
  },
  "open_set": {
    "n_distractors": 385,
    "distractor_source": "sfu/dry",
    "baseline": {
      "P": 31.11111111111111,
      "R": 100.0,
      "F1": 47.45762711864406,
      "TP": 182,
      "FP": 403,
      "FN": 0,
      "TN": 0,
      "dist_rej": 0.0
    },
    "ours": {
      "P": 91.0,
      "R": 100.0,
      "F1": 95.28795811518324,
      "TP": 182,
      "FP": 18,
      "FN": 0,
      "TN": 385,
      "dist_rej": 100.0
    },
    "vysotska": {
      "P": 37.203166226912934,
      "R": 74.60317460317461,
      "F1": 49.647887323943664,
      "TP": 141,
      "FP": 238,
      "FN": 48,
      "TN": 158,
      "dist_rej": 41.03896103896104
    },
    "vysotska_seq_match": {
      "P": 35.95744680851064,
      "R": 100.0,
      "F1": 52.89514866979656,
      "TP": 169,
      "FP": 301,
      "FN": 0,
      "TN": 115,
      "dist_rej": 29.87012987012987,
      "n_matched": 470
    }
  }
}