{
  "Nordland-500": {
    "ratios": [
      1.8402829124741305,
      0.9956863854358023,
      0.0,
      0.5685530307666815,
      0.702193148952202,
      1.2595040942864402,
      1.480046559013637,
      1.2022644203307578,
      1.6201480484207622,
      1.7979044092519654,
      1.8070977420780827,
      2.136845467754513,
      1.5016327163929986,
      1.4235742431823868,
      2.3289132764468277,
      2.565153439384837,
      1.8370131205761249,
      1.6419712089760141,
      2.1982199310624018,
      2.565668875566572,
      1.4911380263647862,
      1.8733816650852613,
      1.4006822456029895,
      1.657487358463646,
      1.1028179810875383,
      1.1252483847097454,
      1.8373706593327273,
      1.2912015324950803,
      1.6565734241766985,
      1.5649049479000623,
      1.5707568697156034,
      2.19068526255056,
      2.9468645953705392
    ],
    "F1_current": 87.1,
    "F1_bayes": 94.07,
    "rej_current": 100.0,
    "rej_bayes": 95.33,
    "k_current_median": 1.9327948044366607,
    "k_bayes_median": 1.3718829600615317
  },
  "Bonn": {
    "ratios": [
      0.18422783087738084,
      0.0,
      0.1320758231636908,
      0.0,
      0.0,
      0.45425012617097354,
      1.006538099103139,
      0.0,
      2.0869204844306912,
      1.7266925351924585,
      2.486515054452274,
      2.569400254678542,
      2.032083638449718,
      2.083472827998265,
      4.4997559749524925,
      3.3742443818320016,
      2.448949648147986,
      2.8473221618690343,
      4.8296599404316405,
      2.9122305813525418,
      3.418261530415142
    ],
    "F1_current": 92.07,
    "F1_bayes": 93.24,
    "rej_current": 92.23,
    "rej_bayes": 91.26,
    "k_current_median": 2.0,
    "k_bayes_median": 1.5912835745733014
  },
  "Freiburg": {
    "ratios": [
      2.7914106707970667,
      0.5969688748629443,
      0.8217926690687845,
      1.5232450378905442,
      2.4991225296188655,
      3.183623050242109,
      3.358884372834152,
      2.8660982322086355,
      2.4519947319616335,
      2.3045227908808923,
      1.9369730066776212,
      2.595431604334979,
      2.5388296872688545,
      4.3647230388114355
    ],
    "F1_current": 88.01,
    "F1_bayes": 93.49,
    "rej_current": 99.58,
    "rej_bayes": 94.96,
    "k_current_median": 2.0,
    "k_bayes_median": 1.4770896957305613
  },
  "GardensPoint": {
    "ratios": [
      0.5584358811131799,
      0.0,
      0.0,
      0.7755392332605258,
      1.0592984945394843,
      0.7602413724289234,
      0.8480768847459196,
      1.0926048272497402,
      2.1247371536439137,
      0.0,
      2.670054709343086,
      2.540678085413259,
      1.8376088279260534,
      2.7623861624340513,
      2.8625654344032787,
      3.0877055967592364
    ],
    "F1_current": 95.91,
    "F1_bayes": 92.68,
    "rej_current": 100.0,
    "rej_bayes": 76.67,
    "k_current_median": 2.0,
    "k_bayes_median": 2.0
  },
  "SFU": {
    "ratios": [
      0.7582499136902762,
      0.3307344676327463,
      0.28716644888827486,
      0.31942044020492644,
      0.6027083888472866,
      0.0,
      0.0,
      0.0,
      0.0,
      0.78310735789663,
      0.0,
      0.24484419358593587,
      0.26968459389657,
      0.25275743539285445,
      0.5926739868393447,
      0.2982181601547235,
      0.2796992867021797,
      1.0495866074325055,
      0.5769609401320841,
      0.6365779788652051,
      0.8325861478672174,
      0.0,
      0.0,
      0.6018306332993628,
      0.3309728329430341,
      0.36658726052686075,
      0.0,
      0.0,
      0.6734881620405297,
      0.0,
      0.6349887501600203,
      0.8118186874426473,
      0.0,
      0.0,
      0.0,
      0.8031977499808696,
      0.3545976005241097,
      0.41649415269673984,
      0.0,
      0.787882053647013,
      0.3932322505911519,
      0.33625699739091264,
      0.306641669915711,
      0.5412631073094005,
      0.3544365258406258,
      0.558014007109875,
      0.42201681447420275,
      1.698978556317004,
      0.0,
      0.9842515241767362,
      1.1191244715247712
    ],
    "F1_current": 71.77,
    "F1_bayes": 67.71,
    "rej_current": 79.31,
    "rej_bayes": 75.86,
    "k_current_median": 1.0,
    "k_bayes_median": 1.0327677950816863
  },
  "ESSEX3IN1": {
    "ratios": [
      3.2608431730229603,
      2.316328705791474,
      2.51286199658278,
      0.0,
      2.1559752416834166,
      1.4039716378688896,
      0.8377434702578384,
      1.8341996589365612,
      1.3978407169799723,
      0.0,
      0.0,
      2.047441031657457,
      1.5497773163533792,
      1.4388280813199197,
      0.8660693890939968,
      1.7558328251524593,
      1.360464720159929,
      0.0,
      0.0,
      2.668526774590695,
      2.117774278221213,
      1.331338313263649,
      1.6792223573664633,
      0.11162076314271734,
      1.5882487298318118,
      0.7219160999585605,
      0.0,
      1.7186922105377813,
      1.5663825580575326,
      1.1893906580861096
    ],
    "F1_current": 80.14,
    "F1_bayes": 80.28,
    "rej_current": 60.32,
    "rej_bayes": 58.73,
    "k_current_median": 1.0,
    "k_bayes_median": 1.0
  }
}