{
  "dataset": "SFU",
  "descriptor": "dinov2-salad",
  "ref_condition": "dry",
  "query_condition": "jan",
  "n_ref": 385,
  "n_query": 385,
  "n_places": 64,
  "k": 2.0,
  "closed_set": {
    "baseline": {
      "P": 79.22077922077922,
      "R": 100.0,
      "F1": 88.40579710144928,
      "TP": 305,
      "FP": 80,
      "FN": 0,
      "TN": 0,
      "dist_rej": 0
    },
    "ours": {
      "P": 79.22077922077922,
      "R": 100.0,
      "F1": 88.40579710144928,
      "TP": 305,
      "FP": 80,
      "FN": 0,
      "TN": 0,
      "dist_rej": 0
    },
    "vysotska": {
      "P": 83.08823529411765,
      "R": 66.66666666666666,
      "F1": 73.97708674304418,
      "TP": 226,
      "FP": 46,
      "FN": 113,
      "TN": 0,
      "dist_rej": 0
    },
    "vysotska_seq_match": {
      "P": 99.48051948051948,
      "R": 100.0,
      "F1": 99.73958333333331,
      "TP": 383,
      "FP": 2,
      "FN": 0,
      "TN": 0,
      "dist_rej": 0,
      "n_matched": 385
    }
  }
}